iso,flow,stage,value_usd,coverage
BEL,M,1_raw_materials,1476344001.283,0.9993536080993517
BEL,M,2_wafers,2938336964.8830004,0.9999999617419645
BEL,M,3_litho_optics,652394465.7349999,0.9999672914178145
BEL,M,4_equipment,14019198813.942999,0.9999977592379982
BEL,M,5_chips,33361825463.053993,0.9999780879690231
BEL,M,6_parts,2811484718.6540003,0.9999999999413122
BEL,M,7_baseboards,1588325064.4170003,0.9985748996967249
BEL,M,8_servers,6144979632.056,0.9999531099034898
BEL,X,1_raw_materials,1351629434.738,0.9998424683581701
BEL,X,2_wafers,5417610146.969999,0.9999999484471951
BEL,X,3_litho_optics,290484743.36,0.9999994829332576
BEL,X,4_equipment,13459773180.228003,0.9999957185407785
BEL,X,5_chips,19345391450.518,0.9999852553563605
BEL,X,6_parts,1330350792.479,0.9999999997842673
BEL,X,7_baseboards,1075215749.306,0.999954547010652
BEL,X,8_servers,1650212462.0900002,0.9999867265933914
CAN,M,1_raw_materials,1468754239.867,0.9657077218210713
CAN,M,2_wafers,712643239.3280001,0.980273808006295
CAN,M,3_litho_optics,1429947932.462,0.1559442977508035
CAN,M,4_equipment,26239172537.479,0.8261060162290702
CAN,M,5_chips,25433819217.937996,0.8913930809398533
CAN,M,6_parts,8380442972.997001,0.0
CAN,M,7_baseboards,4746194152.014,0.9831194460129696
CAN,M,8_servers,26783212988.721,0.9911662849727314
CAN,X,1_raw_materials,1354213709.6200001,0.9833353405916022
CAN,X,2_wafers,157068623.85900003,0.33555014157577745
CAN,X,3_litho_optics,1083155754.896,0.2784133775275514
CAN,X,4_equipment,13107485101.220001,0.19061582643702177
CAN,X,5_chips,10227829402.568,0.9293556565448201
CAN,X,6_parts,4731550550.949,0.0
CAN,X,7_baseboards,2135427038.1130002,0.0588102197947137
CAN,X,8_servers,4435641141.288,0.05556745302245734
CHE,M,1_raw_materials,456621482.403,0.9926795052098537
CHE,M,2_wafers,740679968.889,0.9976169693874027
CHE,M,3_litho_optics,2182345258.9579997,0.93987550225364
CHE,M,4_equipment,11117381943.47,0.9817461997101576
CHE,M,5_chips,11049905154.457,0.9724823946737358
CHE,M,6_parts,2728075882.0049996,0.9688024654800113
CHE,M,7_baseboards,2003063692.7229998,0.9710483195508552
CHE,M,8_servers,8556853717.998999,0.9931628122970086
CHE,X,1_raw_materials,168495345.20200002,0.9703466980763769
CHE,X,2_wafers,100872370.1,0.9999991996123427
CHE,X,3_litho_optics,3700905860.61,0.9999873141480037
CHE,X,4_equipment,10871228346.082,0.999988072701826
CHE,X,5_chips,11802239658.279,0.9999915652272042
CHE,X,6_parts,1053238190.9380001,0.9999999931876757
CHE,X,7_baseboards,339375301.68299997,0.9999884823940322
CHE,X,8_servers,1890933877.297,0.9994099413695021
CHK,M,1_raw_materials,28624080216.730003,0.8809291802205421
CHK,M,2_wafers,42906717770.535995,0.9949317108504084
CHK,M,3_litho_optics,129539875465.13301,0.915671368201413
CHK,M,4_equipment,413299794600.157,0.9144671229239837
CHK,M,5_chips,4590990471565.986,0.7753186909124237
CHK,M,6_parts,250231851518.89398,0.9699643400175516
CHK,M,7_baseboards,84989538320.641,0.9880317281277081
CHK,M,8_servers,68999868913.421,0.9697629499560079
CHK,X,1_raw_materials,12166623900.937,0.9407579600905154
CHK,X,2_wafers,44702727331.642,0.9883230903995981
CHK,X,3_litho_optics,46715764958.45599,0.9332041363369954
CHK,X,4_equipment,159987201005.813,0.9450038853667656
CHK,X,5_chips,1179477803957.3499,0.7207716626887564
CHK,X,6_parts,338650182988.612,0.9999999671991909
CHK,X,7_baseboards,92044791569.34,0.9202267841779672
CHK,X,8_servers,163462779036.62802,0.9021517543857368
CHN,M,1_raw_materials,28484142773.0,0.873974737221066
CHN,M,2_wafers,41451993359.0,0.9507572856310705
CHN,M,3_litho_optics,125523398185.0,0.876811615303705
CHN,M,4_equipment,405318503709.0,0.8685485020657917
CHN,M,5_chips,3748891734275.0,0.9247757416751493
CHN,M,6_parts,220233827850.0,0.9359824693479758
CHN,M,7_baseboards,85538171700.0,0.9478526061833047
CHN,M,8_servers,61755577591.0,0.924009893339838
CHN,X,1_raw_materials,12476207150.0,0.9291929376148583
CHN,X,2_wafers,45175260061.0,0.8989521136383923
CHN,X,3_litho_optics,53942307041.0,0.9199723775121655
CHN,X,4_equipment,158551578761.0,0.928426712545663
CHN,X,5_chips,1511286348119.0,0.9468259050615917
CHN,X,6_parts,350472172793.0,0.9056246069569246
CHN,X,7_baseboards,75345906455.0,0.8508042792249927
CHN,X,8_servers,176711571722.0,0.7944648393929812
CZE,M,1_raw_materials,701678606.0,0.9860899877571584
CZE,M,2_wafers,939510732.0,0.9915124130801307
CZE,M,3_litho_optics,2451407568.0,0.9816976998905961
CZE,M,4_equipment,11850972714.0,0.9733479672409614
CZE,M,5_chips,41226251707.0,0.9004513206738327
CZE,M,6_parts,26399665183.0,0.9485955982550159
CZE,M,7_baseboards,9150400059.0,0.9633184442389635
CZE,M,8_servers,7267225429.0,0.97159725853882
CZE,X,1_raw_materials,261137568.0,0.9993448740397245
CZE,X,2_wafers,776603886.0,0.9992332925308076
CZE,X,3_litho_optics,9155483485.0,0.9974069248184548
CZE,X,4_equipment,16157484192.0,0.9925054458626699
CZE,X,5_chips,17659578137.0,0.973907428567924
CZE,X,6_parts,12716830328.0,0.9927238502352062
CZE,X,7_baseboards,8074397126.0,0.9898784543632565
CZE,X,8_servers,46591675550.0,0.9986051300531088
DEU,M,1_raw_materials,6330253897.606999,0.9930583245707393
DEU,M,2_wafers,11448262046.219,1.0
DEU,M,3_litho_optics,11408162350.611,1.0
DEU,M,4_equipment,86323780833.14099,0.9980745372087526
DEU,M,5_chips,237638437990.827,0.9920018897460842
DEU,M,6_parts,45002932034.415,1.0
DEU,M,7_baseboards,18881433649.979004,0.9969840423453723
DEU,M,8_servers,42708660709.927,0.9967418162858322
DEU,X,1_raw_materials,14787066480.784,0.9998804565647084
DEU,X,2_wafers,17601935086.161,1.0
DEU,X,3_litho_optics,39066520217.731995,0.9999898791134253
DEU,X,4_equipment,171111523835.597,0.9999070733718481
DEU,X,5_chips,227130576044.96603,0.9999776015166976
DEU,X,6_parts,29448371816.209,1.0
DEU,X,7_baseboards,8222317196.723,0.999875093073105
DEU,X,8_servers,35324840016.57,0.999999712882012
DNK,M,1_raw_materials,253851437.46800002,0.9956407163771153
DNK,M,2_wafers,303100651.541,0.9999999980930426
DNK,M,3_litho_optics,301568782.11,0.9999999336204501
DNK,M,4_equipment,6521151063.663,0.9999999684978927
DNK,M,5_chips,4916902151.82,0.9999948164176929
DNK,M,6_parts,2850706627.0450006,0.9999999956870342
DNK,M,7_baseboards,1676927152.0570002,0.9999999609833976
DNK,M,8_servers,5992364931.888,0.9999999991158749
DNK,X,1_raw_materials,77210507.498,0.9967353980025773
DNK,X,2_wafers,171965998.921,1.0
DNK,X,3_litho_optics,342473955.604,0.9999999943528552
DNK,X,4_equipment,6251551695.450001,0.9999564665538639
DNK,X,5_chips,3504006735.745,0.9999930235593583
DNK,X,6_parts,4139284806.533,1.0
DNK,X,7_baseboards,1404822577.3910003,0.9999999664128405
DNK,X,8_servers,2655397929.355,0.9999951480236323
ESP,M,1_raw_materials,1072204846.0699999,0.9820802666566706
ESP,M,2_wafers,1507907784.507,0.9869067252289205
ESP,M,3_litho_optics,800653671.618,0.9986040892490489
ESP,M,4_equipment,16622425772.355,0.9940611089993147
ESP,M,5_chips,13913615477.387999,0.99016327156939
ESP,M,6_parts,6322508554.884,0.9994974493385942
ESP,M,7_baseboards,2198719697.9440002,0.9987863164920497
ESP,M,8_servers,6351665287.189,0.9978837952309749
ESP,X,1_raw_materials,440996180.60300004,0.9997837083013515
ESP,X,2_wafers,716328188.915,0.9998160273237334
ESP,X,3_litho_optics,353074124.679,0.9999658927597399
ESP,X,4_equipment,8036524863.855999,0.9981394186393615
ESP,X,5_chips,6051839725.360001,0.994246454704494
ESP,X,6_parts,1926121074.394,0.9999841390022641
ESP,X,7_baseboards,593815282.7669998,0.9993825570751708
ESP,X,8_servers,744660819.6539999,0.9974975433945005
FRA,M,1_raw_materials,4337180502.329,0.9370074462295747
FRA,M,2_wafers,7305583746.45,0.8862522029895552
FRA,M,3_litho_optics,3090056537.136,0.9362988804472038
FRA,M,4_equipment,32969268011.011,0.9085303833136718
FRA,M,5_chips,51902243808.212,0.9016438312898278
FRA,M,6_parts,13648711292.651999,0.8959896898357527
FRA,M,7_baseboards,5764204013.577,0.9189459057648675
FRA,M,8_servers,14989896084.748999,0.8677489463679497
FRA,X,1_raw_materials,2851960919.205,0.9337699684108391
FRA,X,2_wafers,6866694956.665,0.8892954458505319
FRA,X,3_litho_optics,1627352455.619,0.9542103537536027
FRA,X,4_equipment,27557236407.092,0.9049137364570908
FRA,X,5_chips,80101324456.435,0.8933661908860259
FRA,X,6_parts,8891819505.835999,0.8740014231740005
FRA,X,7_baseboards,3180919185.2990003,0.9085931917592338
FRA,X,8_servers,5592291181.026001,0.8742522614938332
GBR,M,1_raw_materials,2517640097.814,0.988258079318538
GBR,M,2_wafers,4772737002.176,0.9999646895798107
GBR,M,3_litho_optics,3325745838.922,0.999108816124698
GBR,M,4_equipment,29022037767.314,0.9962966236389834
GBR,M,5_chips,34321975449.645,0.9964275972062888
GBR,M,6_parts,15973084438.683998,0.9995375511568629
GBR,M,7_baseboards,7707451848.102001,0.9989702150152318
GBR,M,8_servers,32275444698.988,0.999410493725882
GBR,X,1_raw_materials,781684611.852,0.9938926145076732
GBR,X,2_wafers,3172279223.277,0.9999947174054299
GBR,X,3_litho_optics,3535503541.463,0.9994201100344107
GBR,X,4_equipment,35409636501.087,0.9962880860792523
GBR,X,5_chips,22879296967.407997,0.9974064105802058
GBR,X,6_parts,8997720481.630001,0.9999998475566112
GBR,X,7_baseboards,4683158200.740999,0.9525201996862251
GBR,X,8_servers,14296619202.054,0.9974748190261085
HKG,M,1_raw_materials,928296291.8549999,0.8432250319182226
HKG,M,2_wafers,2724062272.2939997,0.9233886596688361
HKG,M,3_litho_optics,21266376651.465,0.722036302565685
HKG,M,4_equipment,29656053046.51,0.9981030957003019
HKG,M,5_chips,2041183667127.7292,0.7986343509076861
HKG,M,6_parts,233169715637.64896,1.0
HKG,M,7_baseboards,63894405664.336006,1.0
HKG,M,8_servers,37981475419.300995,1.0
HKG,X,1_raw_materials,1104217541.396,0.8594025852245329
HKG,X,2_wafers,2628575349.45,0.9298871696439813
HKG,X,3_litho_optics,21919065762.54,0.8097668294952088
HKG,X,4_equipment,38727794243.61301,0.9859163963867382
HKG,X,5_chips,1936527239338.602,0.7862072291944946
HKG,X,6_parts,284198303825.604,1.0
HKG,X,7_baseboards,98454166626.038,0.9907539396633698
HKG,X,8_servers,45678210912.493,0.9806804763447371
HUN,M,1_raw_materials,442997333.54899997,0.9997955297512193
HUN,M,2_wafers,481126851.38899994,0.9999679179556172
HUN,M,3_litho_optics,1031649084.874,0.9999542470286729
HUN,M,4_equipment,6709584808.936,0.9999323830336869
HUN,M,5_chips,40515491148.139,0.9986622864398008
HUN,M,6_parts,15665468834.583,0.9999997222552963
HUN,M,7_baseboards,5797859282.141001,0.9987853525123156
HUN,M,8_servers,3031946745.288,0.9998126318759117
HUN,X,1_raw_materials,86295972.89299999,0.998023154461547
HUN,X,2_wafers,451433933.94299996,0.999951172565147
HUN,X,3_litho_optics,243659320.926,0.9994094780841827
HUN,X,4_equipment,7865944804.297999,0.9999901473773428
HUN,X,5_chips,10205303893.579,0.9985616037687777
HUN,X,6_parts,2676879028.718,0.9999987904335741
HUN,X,7_baseboards,5186288746.191,0.9999999988097461
HUN,X,8_servers,30036767820.619003,0.9999347280334319
IDN,M,1_raw_materials,1235551650.3200002,0.9984572597135001
IDN,M,2_wafers,3542849320.9020004,0.9999999997177413
IDN,M,3_litho_optics,362026167.238,0.999970686842664
IDN,M,4_equipment,11242882640.743,0.999987863709481
IDN,M,5_chips,35368173444.845,0.9993314928572188
IDN,M,6_parts,3375700213.9350004,0.9999999857807279
IDN,M,7_baseboards,537625074.944,0.9999998846779979
IDN,M,8_servers,7815821377.09,0.9999999790169206
IDN,X,1_raw_materials,24576497.237999998,0.9917699661574532
IDN,X,2_wafers,418278558.015,0.9999969600999724
IDN,X,3_litho_optics,322756989.935,0.9978390598259688
IDN,X,4_equipment,648435115.2509999,0.9998916885508694
IDN,X,5_chips,5861877345.07,0.9692298994437855
IDN,X,6_parts,2444305858.2139997,0.9999996713054561
IDN,X,7_baseboards,240962711.24899998,0.9999999948664255
IDN,X,8_servers,151645154.232,0.9991326874725006
IND,M,1_raw_materials,3059709941.9630003,0.9970105032959
IND,M,2_wafers,2383075808.287,0.9933714837362415
IND,M,3_litho_optics,1219255463.428,0.8612060969862587
IND,M,4_equipment,19922749320.475,0.8299114288910198
IND,M,5_chips,153395189666.726,0.9853345760576938
IND,M,6_parts,18872456960.585003,0.014160902608343575
IND,M,7_baseboards,1154035994.508,0.992878557425322
IND,M,8_servers,22869610909.394997,0.9924453841335786
IND,X,1_raw_materials,295240464.987,0.9964340470672055
IND,X,2_wafers,88206497.638,0.9915989930805192
IND,X,3_litho_optics,219618108.68199998,0.8142296865962227
IND,X,4_equipment,8068516186.679,0.8300225526382077
IND,X,5_chips,5178557137.723,0.9461907768617334
IND,X,6_parts,1637855051.8279998,0.012753030320166283
IND,X,7_baseboards,89492387.07399999,0.8055847662146586
IND,X,8_servers,1225534239.531,0.993948261484854
IRL,M,1_raw_materials,441089601.08,0.9914254684904396
IRL,M,2_wafers,1553804733.5970001,1.0
IRL,M,3_litho_optics,1195860227.006,0.9999999901368071
IRL,M,4_equipment,18313262928.318,0.9996048611817934
IRL,M,5_chips,35868481945.387,0.9999994714211762
IRL,M,6_parts,23364284220.954,1.0
IRL,M,7_baseboards,2977179977.2720003,1.0
IRL,M,8_servers,16238717295.103,0.9999999998509734
IRL,X,1_raw_materials,140459563.092,0.9993329143140034
IRL,X,2_wafers,107219554.37799999,0.9999999593171226
IRL,X,3_litho_optics,167466426.356,0.9999992531577658
IRL,X,4_equipment,4232001206.485,0.9994403139518556
IRL,X,5_chips,78924305977.00099,0.9999997842754549
IRL,X,6_parts,12330568705.312,1.0
IRL,X,7_baseboards,844568489.7390001,1.0
IRL,X,8_servers,12163946624.880001,0.9999971240067816
ISR,M,1_raw_materials,425040000.0,0.09851778656126482
ISR,M,2_wafers,2580223000.0,0.02311583146107914
ISR,M,3_litho_optics,2979261000.0,0.20538918879547646
ISR,M,4_equipment,13114737000.0,0.05507308305153203
ISR,M,5_chips,16894676000.0,0.13400446389146498
ISR,M,6_parts,2186254000.0,0.0
ISR,M,7_baseboards,1016365000.0,0.051084010173510504
ISR,M,8_servers,7429164000.0,0.08133081999535884
ISR,X,1_raw_materials,20533000.0,0.30580041883796816
ISR,X,2_wafers,149691000.0,0.6499923175073986
ISR,X,3_litho_optics,8434274000.0,0.15323938966175393
ISR,X,4_equipment,6888093000.0,0.3419561843894965
ISR,X,5_chips,39083473000.0,0.04130372446686097
ISR,X,6_parts,1603480000.0,0.0
ISR,X,7_baseboards,818211000.0,0.044511745747735
ISR,X,8_servers,1858692000.0,0.07435874259963458
ITA,M,1_raw_materials,1985487627.166,0.9979332140448253
ITA,M,2_wafers,4815362806.827999,0.9999696612997067
ITA,M,3_litho_optics,1716022509.4310002,0.9997935569160351
ITA,M,4_equipment,23035459066.2,0.9998895760824349
ITA,M,5_chips,24869210955.926003,0.999127017372667
ITA,M,6_parts,5579131251.153001,0.9980131420563533
ITA,M,7_baseboards,2122166075.727,1.0
ITA,M,8_servers,8536394294.938,0.9999992533482195
ITA,X,1_raw_materials,681794606.0680001,0.998719607290479
ITA,X,2_wafers,2426094938.854,0.9999316137805069
ITA,X,3_litho_optics,375415570.978,0.999923344314342
ITA,X,4_equipment,41270682423.381996,0.9999698954237719
ITA,X,5_chips,22556324949.777,0.9999410469543261
ITA,X,6_parts,3879802315.5320005,0.9999993116538466
ITA,X,7_baseboards,577031450.103,1.0
ITA,X,8_servers,1792535901.8590004,0.9985292781878087
JPN,M,1_raw_materials,12677954895.771,0.9999033662145771
JPN,M,2_wafers,11658369381.009,0.9991170664222762
JPN,M,3_litho_optics,21264918377.346,1.0
JPN,M,4_equipment,76423655054.819,0.9996003118346659
JPN,M,5_chips,248938666488.53598,0.9999847725879732
JPN,M,6_parts,23133765268.462,1.0
JPN,M,7_baseboards,6380321102.953,1.0
JPN,M,8_servers,46652902730.358,1.0
JPN,X,1_raw_materials,5936105837.356,0.9988230924487504
JPN,X,2_wafers,76710411330.663,0.999830637246175
JPN,X,3_litho_optics,60531617039.685,1.0
JPN,X,4_equipment,298204829590.365,0.9994667121308182
JPN,X,5_chips,352959613328.018,0.9999878355807099
JPN,X,6_parts,11540216784.636002,1.0
JPN,X,7_baseboards,698703657.332,1.0
JPN,X,8_servers,1975782368.38,1.0
KOR,M,1_raw_materials,8395212515.0,0.9997840307202753
KOR,M,2_wafers,28133115746.0,1.0
KOR,M,3_litho_optics,36637986774.0,0.9999883348120999
KOR,M,4_equipment,188500753372.0,0.9999959678145238
KOR,M,5_chips,465865974293.0,0.9999306722216641
KOR,M,6_parts,54388946541.0,1.0
KOR,M,7_baseboards,6231593649.0,1.0
KOR,M,8_servers,21828322037.0,0.9999853422540012
KOR,X,1_raw_materials,4792217368.0,0.9997007483405123
KOR,X,2_wafers,18159764583.0,0.999999695976235
KOR,X,3_litho_optics,32153351720.0,0.9999862634538431
KOR,X,4_equipment,96501276084.0,0.9999985901015456
KOR,X,5_chips,1015815935673.0,0.9999992003167391
KOR,X,6_parts,162728321164.0,0.9999999792414745
KOR,X,7_baseboards,941734757.0,0.9997760027455374
KOR,X,8_servers,1538802282.0,0.9999999356642493
MEX,M,1_raw_materials,1006377870.0,0.9197523610092897
MEX,M,2_wafers,1121005923.0,0.9648570010276386
MEX,M,3_litho_optics,2633703682.0,0.13503974362443102
MEX,M,4_equipment,30019628003.0,0.44568573906588527
MEX,M,5_chips,266856484443.0,0.8571664645153432
MEX,M,6_parts,140121833763.0,0.07588846167247258
MEX,M,7_baseboards,16638565888.0,1.0
MEX,M,8_servers,32380117174.0,1.0
MEX,X,1_raw_materials,610817167.0,1.0
MEX,X,2_wafers,25007879.0,1.0
MEX,X,3_litho_optics,124109814.0,0.6780004762556489
MEX,X,4_equipment,27509638136.0,0.4743294974107325
MEX,X,5_chips,37726446418.0,0.9319931308776573
MEX,X,6_parts,25952131937.0,0.8264498807291186
MEX,X,7_baseboards,14486716525.0,0.9935410432144146
MEX,X,8_servers,278931405570.0,1.0
MYS,M,1_raw_materials,2065733329.0920002,0.9956965445603243
MYS,M,2_wafers,12041978280.05,0.9965360881651727
MYS,M,3_litho_optics,2683849224.484,0.9830649605945213
MYS,M,4_equipment,34145133975.409996,0.6877529292306729
MYS,M,5_chips,461992973604.9769,0.9998058069935462
MYS,M,6_parts,28213548710.79,0.9996441795990676
MYS,M,7_baseboards,6480448804.074999,0.9999015011882205
MYS,M,8_servers,26240288821.042,0.99782313510112
MYS,X,1_raw_materials,3599455848.1400003,0.9999721719206385
MYS,X,2_wafers,3962045680.085,0.9995172326519064
MYS,X,3_litho_optics,2325928989.293,0.9853838204831293
MYS,X,4_equipment,49738513432.481,0.7373237177793492
MYS,X,5_chips,728775863128.0999,0.9999966029900919
MYS,X,6_parts,26384814383.277,0.9991178120525739
MYS,X,7_baseboards,26540395604.454002,0.9999999998364757
MYS,X,8_servers,30944221055.677002,0.9979100737920131
NLD,M,1_raw_materials,1214000018.279,0.9998072627178939
NLD,M,2_wafers,4271728184.8710003,1.0
NLD,M,3_litho_optics,12963597764.694,0.9994074782455901
NLD,M,4_equipment,66992442767.728,0.9999626064961135
NLD,M,5_chips,105068590528.93399,0.9999999759063486
NLD,M,6_parts,34434195940.373,0.9999999998468092
NLD,M,7_baseboards,22120331628.683,1.0
NLD,M,8_servers,37244803160.421005,0.9999999997495489
NLD,X,1_raw_materials,1810362705.923,0.9997135681367587
NLD,X,2_wafers,5716100277.323,1.0
NLD,X,3_litho_optics,13662896638.956001,0.9969676285195723
NLD,X,4_equipment,199337872680.02902,0.9999517230427182
NLD,X,5_chips,86609530733.922,0.9999862919606084
NLD,X,6_parts,24793582245.388,1.0
NLD,X,7_baseboards,21716661940.743,0.9999999999479662
NLD,X,8_servers,31807244769.234,0.9999999995684004
PHL,M,1_raw_materials,288150308.69000006,0.9450038659613278
PHL,M,2_wafers,2083089461.0,0.9866212913454897
PHL,M,3_litho_optics,1423386599.52,0.9910501251000284
PHL,M,4_equipment,7937433980.69,0.7578077782660326
PHL,M,5_chips,140809704946.69998,0.3726169216141777
PHL,M,6_parts,19736433129.42,0.3707617640652702
PHL,M,7_baseboards,251819522.27,0.8549618525570877
PHL,M,8_servers,1745771303.96,0.9682536269932468
PHL,X,1_raw_materials,57488427.0,0.9989602776920649
PHL,X,2_wafers,8387406.0,0.9966226745193926
PHL,X,3_litho_optics,1065423475.0,0.9950658905840234
PHL,X,4_equipment,4215599766.0,0.7648794176349235
PHL,X,5_chips,207798703719.0,0.2882312356817826
PHL,X,6_parts,10034583455.0,0.4158300315815152
PHL,X,7_baseboards,220421471.0,0.9210812226182812
PHL,X,8_servers,19260759.0,0.9178094695022143
POL,M,1_raw_materials,1140712545.0,0.9986718073658075
POL,M,2_wafers,975120161.0,0.9999553644753326
POL,M,3_litho_optics,989203793.0,0.9999982915552771
POL,M,4_equipment,12968275429.0,0.9999999515741316
POL,M,5_chips,42725210767.0,0.9998371979008381
POL,M,6_parts,22525911312.0,1.0
POL,M,7_baseboards,8187844103.0,1.0
POL,M,8_servers,3325219723.0,1.0
POL,X,1_raw_materials,1178808573.0,0.9998856481000499
POL,X,2_wafers,332438836.0,0.9998901873185478
POL,X,3_litho_optics,411754442.0,0.9999958956119774
POL,X,4_equipment,12674788986.0,0.9999997573924108
POL,X,5_chips,7111103468.0,0.9999996187652153
POL,X,6_parts,4312099146.0,0.9999999930428316
POL,X,7_baseboards,2581830814.0,1.0
POL,X,8_servers,8189626769.0,1.0
SGP,M,1_raw_materials,2839761492.5950003,0.863096640360196
SGP,M,2_wafers,15228006922.965002,0.9499987182584135
SGP,M,3_litho_optics,6813973750.779,0.6662192549908216
SGP,M,4_equipment,83145258004.782,0.6096637206648343
SGP,M,5_chips,799855504309.721,0.9738912023010378
SGP,M,6_parts,59313002040.42868,0.9993201339432034
SGP,M,7_baseboards,16818282214.239376,0.8615756371497255
SGP,M,8_servers,53824883110.23416,1.0
SGP,X,1_raw_materials,1067997233.747,0.7475786705063109
SGP,X,2_wafers,10334588976.412,0.946359782748277
SGP,X,3_litho_optics,24861211070.863,0.8305666848385447
SGP,X,4_equipment,159388279567.02402,0.6264182306363933
SGP,X,5_chips,1010939167765.434,0.9774795623170816
SGP,X,6_parts,50604552407.05694,0.999859649224869
SGP,X,7_baseboards,24387105381.165394,0.684554145210709
SGP,X,8_servers,75793076666.09192,0.9999998004438447
SWE,M,1_raw_materials,774895931.26,0.9945089374542446
SWE,M,2_wafers,456373280.07800007,0.7579989019972336
SWE,M,3_litho_optics,663979942.576,0.5148998381044735
SWE,M,4_equipment,8739716114.791,0.9977620176406077
SWE,M,5_chips,10568445641.01,0.9578908010688816
SWE,M,6_parts,3550009238.0099998,1.0
SWE,M,7_baseboards,1560738038.1570005,1.0
SWE,M,8_servers,8690962520.623,1.0
SWE,X,1_raw_materials,399777990.473,0.992520630266658
SWE,X,2_wafers,178084875.42599997,0.6948467333679814
SWE,X,3_litho_optics,511325848.96,0.6286609799637696
SWE,X,4_equipment,12895473147.057001,0.9982782100142586
SWE,X,5_chips,4533149593.566,0.6072329562794347
SWE,X,6_parts,2066331327.8090003,1.0
SWE,X,7_baseboards,994910334.7959999,1.0
SWE,X,8_servers,2411679502.9639993,1.0
THA,M,1_raw_materials,735432864.1359999,0.9986041557672217
THA,M,2_wafers,6867457101.595,0.9980423010872719
THA,M,3_litho_optics,3363520064.319,0.9989367232391629
THA,M,4_equipment,11921909260.853,0.9913912219605622
THA,M,5_chips,168287064704.67398,0.9957799902126985
THA,M,6_parts,26841874328.22009,0.9952741245642033
THA,M,7_baseboards,2937092223.9305468,0.5388905541063764
THA,M,8_servers,9287449547.415169,0.6000125190968627
THA,X,1_raw_materials,191932489.64200002,0.9986142471110747
THA,X,2_wafers,416409729.274,0.995190407031335
THA,X,3_litho_optics,2250018673.7590003,0.9735552976235551
THA,X,4_equipment,11001841375.795,0.9971098925618076
THA,X,5_chips,82461951225.566,0.969923022356703
THA,X,6_parts,30548733129.934002,0.9897692676510558
THA,X,7_baseboards,1458898283.436813,0.7301233460866315
THA,X,8_servers,9330432623.477297,0.44759930651967045
TWN,M,1_raw_materials,7942920545.261595,0.9357057849603208
TWN,M,2_wafers,40810874790.33497,0.9999816297532929
TWN,M,3_litho_optics,29913900171.41874,0.9998827579096476
TWN,M,4_equipment,277337284508.6912,0.9999937590370102
TWN,M,5_chips,816300077028.6842,0.9999806100916213
TWN,M,6_parts,83027568665.712,0.9999959655479036
TWN,M,7_baseboards,42704452831.385704,0.9999844208190678
TWN,M,8_servers,11153563853.593641,0.9999940756195655
TWN,X,1_raw_materials,5255135649.432966,0.8188150563878667
TWN,X,2_wafers,15170541615.657549,0.9995901448098347
TWN,X,3_litho_optics,34258266625.487747,0.9995016874674469
TWN,X,4_equipment,54850202142.5229,0.9999767316100645
TWN,X,5_chips,1536620798016.834,0.9999923823221422
TWN,X,6_parts,119141667215.44347,0.999999264139751
TWN,X,7_baseboards,286979176233.0804,0.9999995767155719
TWN,X,8_servers,161903988711.55234,0.9999997192066017
USA,M,1_raw_materials,9430049440.0,0.8015235249922508
USA,M,2_wafers,24892200264.0,0.8757812112145074
USA,M,3_litho_optics,18438338187.0,0.3420253146482761
USA,M,4_equipment,212985291343.0,0.6690683804756712
USA,M,5_chips,536347228014.0,0.865330373803825
USA,M,6_parts,388100229533.0,0.007980450608665887
USA,M,7_baseboards,60605027507.0,0.910615082381172
USA,M,8_servers,576155045779.0,0.9259337474788537
USA,X,1_raw_materials,25434941401.0,0.9354972578023908
USA,X,2_wafers,22323909379.0,0.6345733233143314
USA,X,3_litho_optics,35012174661.0,0.3438022432924821
USA,X,4_equipment,303229711119.0,0.7095520577189196
USA,X,5_chips,524682138987.0,0.7748008386065385
USA,X,6_parts,190109558124.0,0.03870537139011461
USA,X,7_baseboards,32315692503.0,1.0
USA,X,8_servers,119251840465.0,1.0
VNM,M,1_raw_materials,3695644104.662906,0.8566386759857092
VNM,M,2_wafers,5032329679.789957,0.031234179970964365
VNM,M,3_litho_optics,20558437879.77764,0.4712089825010666
VNM,M,4_equipment,15131317950.208372,0.3077065225532126
VNM,M,5_chips,468413209744.5469,0.7683380429703708
VNM,M,6_parts,20567220731.411037,0.7298709705982754
VNM,M,7_baseboards,1891673189.1986418,0.2163024604734192
VNM,M,8_servers,3563021983.882845,0.7103364258374454
VNM,X,1_raw_materials,426564055.004933,0.3551262989961359
VNM,X,2_wafers,2743482810.943814,0.5662429048831193
VNM,X,3_litho_optics,3647758684.6298122,0.5010036826855542
VNM,X,4_equipment,7283588806.571575,0.38856944684752937
VNM,X,5_chips,115583884436.46335,0.760428962910743
VNM,X,6_parts,73596729672.66772,0.9225229059688911
VNM,X,7_baseboards,5679413072.829146,0.37687513397685335
VNM,X,8_servers,5740417251.387549,0.6797579212988621
BEL,M,ALL,62992889124.025,0.999931899479407
BEL,X,ALL,43920667959.688995,0.9999857243002641
CAN,M,ALL,95194187280.806,0.8183328154177024
CAN,X,ALL,37232371322.513,0.3776757316207895
CHE,M,ALL,38834927100.904,0.9782430984413427
CHE,X,ALL,29927288950.191,0.9997864034845375
CHK,M,ALL,5609582198371.498,0.8053278270859965
CHK,X,ALL,2037207874748.778,0.8204195278496783
CHN,M,ALL,4717197349442.0,0.9195213846334186
CHN,X,ALL,2383961352102.0,0.9236094321841976
CZE,M,ALL,99987111998.0,0.9361758604636201
CZE,X,ALL,111393190272.0,0.9924086151591929
DEU,M,ALL,459741923512.72595,0.9949821576569424
DEU,X,ALL,542693150694.74194,0.9999554288668523
DNK,M,ALL,22816572797.592003,0.9999503691181821
DNK,X,ALL,18546714206.497,0.9999697201509254
ESP,M,ALL,48789701091.955,0.9939547630507696
ESP,X,ALL,18863360260.227997,0.9972289119610248
FRA,M,ALL,134007143996.11601,0.9008195792054549
FRA,X,ALL,136669599067.177,0.8953700597361505
GBR,M,ALL,129916117141.64499,0.9977128620017559
GBR,X,ALL,93755898729.51201,0.9951354914177528
HKG,M,ALL,2430804052111.139,0.8283094695566668
HKG,X,ALL,2429237573599.736,0.826750981246007
HUN,M,ALL,73676124088.899,0.9991527809428915
HUN,X,ALL,56752573521.16699,0.9996994480590622
IDN,M,ALL,63480629890.017006,0.9995951939048727
IDN,X,ALL,10112838229.204002,0.9820550761246295
IND,M,ALL,222876084065.367,0.8895413050213156
IND,X,ALL,16803020074.142,0.8015538277084829
IRL,M,ALL,99952680928.71701,0.9998895738344739
IRL,X,ALL,108910536547.243,0.999976912891574
ISR,M,ALL,46625720000.0,0.09342047693847945
ISR,X,ALL,58856447000.0,0.09413393574369176
ITA,M,ALL,72659234587.369,0.9994501827509072
ITA,X,ALL,73559682156.55301,0.999914642823148
JPN,M,ALL,447130553299.254,0.9998974460449109
JPN,X,ALL,808557279936.435,0.999773299052863
KOR,M,ALL,809981904927.0,0.9999560262102358
KOR,X,ALL,1332631403631.0,0.9999977157322034
MEX,M,ALL,490777716746.0,0.6196999904366152
MEX,X,ALL,385366273446.0,0.9437828573183747
MYS,M,ALL,573863954749.92,0.9809793142604891
MYS,X,ALL,872271238121.5071,0.9848767682688967
NLD,M,ALL,284309689993.98303,0.9999633398882282
NLD,X,ALL,385454251991.51794,0.9998631219889796
PHL,M,ALL,174275789252.25,0.4099505708169824
PHL,X,ALL,223419868478.0,0.30721458364728527
POL,M,ALL,92837497833.0,0.9999082624672272
POL,X,ALL,36792451034.0,0.9999951400084807
SGP,M,ALL,1037838671845.7441,0.9430250301000965
SGP,X,ALL,1357375979067.7944,0.9299770066678484
SWE,M,ALL,35005120706.505,0.9742499752398942
SWE,X,ALL,23990732621.051003,0.9145551908705237
THA,M,ALL,230241800095.14282,0.9738236527209496
THA,X,ALL,137660217530.88412,0.9387319831695115
TWN,M,ALL,1309190642395.082,0.9995924459869638
TWN,X,ALL,2214179776210.011,0.9995534794053825
USA,M,ALL,1826953410067.0,0.6754691379271371
USA,X,ALL,1252359966639.0,0.6632318042807789
VNM,M,ALL,538852855263.4782,0.7339991955582467
VNM,X,ALL,214701838790.4979,0.7833803813966466
